<?xml version="1.0"?>
<!--
/**
 * Webkul Software.
 *
 * @category  Webkul
 * @package   Webkul_MpAdvancedBookingSystem
 * @author    Webkul
 * @copyright Copyright (c) Webkul Software Private Limited (https://webkul.com)
 * @license   https://store.webkul.com/license.html
 */
-->
<config xmlns:xsi="http://www.w3.org/2001/XMLSchema-instance" xsi:noNamespaceSchemaLocation="urn:magento:module:Magento_Catalog:etc/product_types.xsd">
    <type name="booking" label="Booking Product" modelInstance="Webkul\MpAdvancedBookingSystem\Model\Product\Type\Booking" indexPriority="70" sortOrder="70" isQty="true">
        <priceModel instance="Webkul\MpAdvancedBookingSystem\Model\Product\Type\Booking\Price" />
        <customAttributes>
            <attribute name="refundable" value="true"/>
        </customAttributes>
    </type>
    <type name="hotelbooking" label="Hotel Booking Product" modelInstance="Webkul\MpAdvancedBookingSystem\Model\Product\Type\Hotelbooking" indexPriority="80" sortOrder="80" isQty="false" composite="false" canUseQtyDecimals="false">
        <priceModel instance="Webkul\MpAdvancedBookingSystem\Model\Product\Type\Hotelbooking\Price" />
        <customAttributes>
            <attribute name="refundable" value="true"/>
        </customAttributes>
    </type>
    <composableTypes>
        <type name="booking" />
        <type name="hotelbooking" />
    </composableTypes>
</config>
