<?xml version="1.0"?>
<!--
/**
 * @author Amasty Team
 * @copyright Copyright (c) 2020 Amasty (https://www.amasty.com)
 * @package Amasty_GiftCard
 */
-->
<config xmlns:xsi="http://www.w3.org/2001/XMLSchema-instance" xsi:noNamespaceSchemaLocation="urn:magento:framework:Acl/etc/acl.xsd">
    <acl>
        <resources>
            <resource id="Magento_Backend::admin">
                <resource id="Magento_Backend::marketing">
                    <resource id="Amasty_GiftCard::giftcard" title="Amasty Gift Card" sortOrder="30" >
                        <resource id="Amasty_GiftCard::giftcard_code" title="Gift Code Pools" sortOrder="20" />
                        <resource id="Amasty_GiftCard::giftcard_image" title="Gift Card Images" sortOrder="30" />
                    </resource>
                </resource>
                <resource id="Magento_Backend::stores">
                    <resource id="Magento_Backend::stores_settings">
                        <resource id="Magento_Config::config">
                            <resource id="Amasty_GiftCard::amasty_giftcard" title="Amasty: Gift Card" sortOrder="70903"/>
                        </resource>
                    </resource>
                </resource>
            </resource>
        </resources>
    </acl>
</config>
