<?xml version="1.0"?>
<!--
/**
 * @author Amasty Team
 * @copyright Copyright (c) 2020 Amasty (https://www.amasty.com)
 * @package Amasty_GiftCard
 */
-->

<config xmlns:xsi="http://www.w3.org/2001/XMLSchema-instance" xsi:noNamespaceSchemaLocation="urn:magento:framework:Api/etc/extension_attributes.xsd">
    <extension_attributes for="Magento\Catalog\Api\Data\ProductInterface">
        <attribute code="am_giftcard_prices" type="Amasty\GiftCard\Api\Data\GiftCardPriceInterface[]" />
    </extension_attributes>
    <extension_attributes for="Magento\Quote\Api\Data\ProductOptionInterface">
        <attribute code="am_giftcard_options" type="Amasty\GiftCard\Api\Data\GiftCardOptionInterface" />
    </extension_attributes>
    <extension_attributes for="Magento\Catalog\Api\Data\ProductOptionInterface">
        <attribute code="am_giftcard_options" type="Amasty\GiftCard\Api\Data\GiftCardOptionInterface" />
    </extension_attributes>
</config>
