<?xml version="1.0"?>
<!--
/**
 * @author Amasty Team
 * @copyright Copyright (c) 2020 Amasty (https://www.amasty.com)
 * @package Amasty_GiftCard
 */
-->
<config xmlns:xsi="http://www.w3.org/2001/XMLSchema-instance" xsi:noNamespaceSchemaLocation="urn:magento:framework:ObjectManager/etc/config.xsd">
    <type name="Magento\Catalog\Helper\Product\ConfigurationPool">
        <arguments>
            <argument name="instancesByType" xsi:type="array">
                <item name="amgiftcard" xsi:type="object">Amasty\GiftCard\Helper\Catalog\Product\Configuration</item>
            </argument>
        </arguments>
    </type>
    <type name="Magento\Checkout\Model\Cart\ImageProvider">
        <plugin name="amgiftcard-image-provider" type="Amasty\GiftCard\Plugin\Checkout\Model\Cart\ImageProvider"/>
    </type>
    <type name="Magento\Checkout\CustomerData\ItemPool">
        <arguments>
            <argument name="itemMap" xsi:type="array">
                <item name="amgiftcard" xsi:type="string">Amasty\GiftCard\Model\GiftCard\CustomerData\GiftCardItem</item>
            </argument>
        </arguments>
    </type>
</config>
