<?xml version="1.0"?>
<!--
/**
 * @author Amasty Team
 * @copyright Copyright (c) 2020 Amasty (https://www.amasty.com)
 * @package Amasty_GiftCard
 */
-->
<config xmlns:xsi="http://www.w3.org/2001/XMLSchema-instance" xsi:noNamespaceSchemaLocation="urn:magento:framework:ObjectManager/etc/config.xsd">
    <type name="Magento\Catalog\Controller\Adminhtml\Product\Initialization\Helper">
        <plugin name="amgcardProductInitializationPlugin" type="Amasty\GiftCard\Plugin\Catalog\Controller\Adminhtml\Product\Initialization\InitializationHelperPlugin" sortOrder="120"/>
    </type>
    <type name="Magento\Sales\Block\Adminhtml\Order\View">
        <plugin name="amGiftCardLowCodeQtyNotification" type="Amasty\GiftCard\Plugin\Order\View\CodePoolNotification" />
    </type>
    <virtualType name="Magento\Catalog\Ui\DataProvider\Product\Form\Modifier\Pool">
        <arguments>
            <argument name="modifiers" xsi:type="array">
                <item name="amGiftCard" xsi:type="array">
                    <item name="class" xsi:type="string">Amasty\GiftCard\Model\GiftCard\DataProvider\Product\Form\Modifier\GiftCard</item>
                    <item name="sortOrder" xsi:type="number">90</item>
                </item>
            </argument>
        </arguments>
    </virtualType>
    <virtualType name="Magento\CatalogStaging\Ui\DataProvider\Product\Form\Modifier\Pool">
        <arguments>
            <argument name="modifiers" xsi:type="array">
                <item name="amGiftCard" xsi:type="array">
                    <item name="class" xsi:type="string">Amasty\GiftCard\Model\GiftCard\DataProvider\Product\Form\Modifier\GiftCard</item>
                    <item name="sortOrder" xsi:type="number">90</item>
                </item>
            </argument>
        </arguments>
    </virtualType>
</config>
